method,source,n,aji,binary_iou,dice,f1,fn,fp,gt_n,pq,precision,pred_n,recall,rq,sq,tp
stardist_pannuke,ALL,1795,0.01822020340927587,0.030419832133812504,0.042768878617634995,0.033707505486239873,186.07465181058495,3.1682451253481894,191.95208913649026,0.022308426168087283,0.8299028168449973,9.045682451253482,0.0276553589054436,0.033707505486239873,0.07160073279053118,5.8774373259052926
stardist_pannuke,cellpose,147,0.0008327945501913943,0.0035933105601368377,0.006906919968420782,0.0018782966896825893,126.43537414965986,2.1496598639455784,126.62585034013605,0.0011478388062399034,0.4720400064787821,2.3401360544217686,0.0010961270804905484,0.0018782966896825893,0.016629736298677027,0.19047619047619047
stardist_pannuke,dsb2018,142,0.08211757637019536,0.10362711868042716,0.12782300449179343,0.11310204512233549,38.971830985915496,1.0704225352112675,42.53521126760563,0.08693796670597048,0.8082033763527829,4.633802816901408,0.09713055532308282,0.11310204512233549,0.130042626419197,3.563380281690141
stardist_pannuke,livecell,149,0.138674479031246,0.2604722645697413,0.3793546230069788,0.2943796764222068,220.08724832214764,33.92617449664429,287.1275167785235,0.18341760002758672,0.48503889827042873,100.96644295302013,0.23847436558356966,0.2943796764222068,0.6156204273343711,67.04026845637584
stardist_pannuke,tissuenet,1357,0.00019134200482583103,0.00040527911152631795,0.0007959575662656178,0.0002253504348833993,204.19380987472366,0.1208548268238762,204.21370670596906,0.00014773691292643875,0.9088061901252763,0.14075165806927045,0.00011423671820892532,0.0002253504348833993,0.011706151436072725,0.01989683124539425
stardist_pannuke,SOURCE_MACRO,4,0.05545404798911464,0.09202449323045792,0.12872012625836465,0.10239634216727707,,,,0.0679127856131809,0.6685221178068176,,0.08420382117633798,,,
