method,source,n,aji,binary_iou,dice,f1,fn,fp,gt_n,pq,precision,pred_n,recall,rq,sq,tp
cellpose_pannuke_finetune_cyto3,ALL,1795,0.018659974922026482,0.03307980685770258,0.05510187340928189,0.03524962029135619,188.72813370473537,7.337604456824512,191.95208913649026,0.024681420000858715,0.48158153713152935,10.561559888579387,0.023746270276749335,0.03524962029135619,0.2683695721477974,3.2239554317548746
cellpose_pannuke_finetune_cyto3,cellpose,147,0.029643087676149118,0.04335767759089017,0.06751846553716619,0.05394018892144539,118.91836734693878,8.54421768707483,126.62585034013605,0.03800218366472295,0.4233785548792527,16.25170068027211,0.039617307134345046,0.05394018892144539,0.18781708804811967,7.707482993197279
cellpose_pannuke_finetune_cyto3,dsb2018,142,0.11848443997558686,0.13619393003812258,0.18824925763239472,0.1744255132593357,37.08450704225352,0.8309859154929577,42.53521126760563,0.13835845220926415,0.8613121731389901,6.28169014084507,0.132606136046067,0.1744255132593357,0.3790452284007389,5.450704225352113
cellpose_pannuke_finetune_cyto3,livecell,149,0.026900730181464813,0.0765012577165904,0.1373528839005814,0.07396613561419081,278.758389261745,27.953020134228186,287.1275167785235,0.045405675228092246,0.3846421995198606,36.32214765100671,0.04622369902438744,0.07396613561419081,0.5643052555774527,8.369127516778523
cellpose_pannuke_finetune_cyto3,tissuenet,1357,0.006119470761291101,0.016408584553080245,0.0307926853726683,0.014410083686213555,202.27339719970524,5.624170965364775,204.21370670596906,0.009067414944823769,0.4587945433085108,7.564480471628593,0.008167581816389895,0.014410083686213555,0.2330201654740437,1.9403095062638172
cellpose_pannuke_finetune_cyto3,SOURCE_MACRO,4,0.04528693214862298,0.06811536247467084,0.10597832311070265,0.07918548037029637,,,,0.05770843151172578,0.5320318677116536,,0.05665368100529735,,,
