method,source,n,aji,binary_iou,dice,f1,fn,fp,gt_n,pq,precision,pred_n,recall,rq,sq,tp
sam2_automatic_dense,ALL,336,0.01925899638387412,0.17955316643951638,0.2906953446256271,0.07015991080159402,22.297619047619047,4.598214285714286,23.616071428571427,0.05812633417651257,0.08542125545600329,5.916666666666667,0.08992870879707546,0.07015991080159402,0.19294485056544777,1.318452380952381
sam2_automatic_dense,pannuke,336,0.01925899638387412,0.17955316643951638,0.2906953446256271,0.07015991080159402,22.297619047619047,4.598214285714286,23.616071428571427,0.05812633417651257,0.08542125545600329,5.916666666666667,0.08992870879707546,0.07015991080159402,0.19294485056544777,1.318452380952381
sam2_automatic_dense,SOURCE_MACRO,1,0.01925899638387412,0.17955316643951638,0.2906953446256271,0.07015991080159402,,,,0.05812633417651257,0.08542125545600329,,0.08992870879707546,,,
