source,n,pq,aji,dice
ALL,50,0.6448970553765326,0.6447368132889817,0.8925581475131249
cellpose,10,0.6964037924754003,0.697254028401744,0.9203692053767624
dsb2018,10,0.8099715685702604,0.8388375134674517,0.9358728232886608
livecell,10,0.6151845739086503,0.597136904732926,0.9259491964308906
pannuke,10,0.5330250906767016,0.5453582320874286,0.787837901669349
tissuenet,10,0.5699002512516509,0.5450973877553575,0.8927616107999616
