method,source,n,aji,binary_iou,dice,f1,fn,fp,gt_n,pq,precision,pred_n,recall,rq,sq,tp
sam2_automatic_dense,ALL,697,0.06712365039065661,0.33059460574910915,0.4487084139877287,0.1583833868536692,96.57532281205165,15.411764705882353,115.94978479196557,0.11667847943875154,0.20644021331508491,34.78622668579627,0.15930269179406473,0.1583833868536692,0.30906880484726446,19.374461979913917
sam2_automatic_dense,cellpose,30,0.3534000887145261,0.5512584650056732,0.6744173529393402,0.46191307674467647,67.3,35.666666666666664,113.73333333333333,0.3670155178317573,0.4469876759693533,82.1,0.5431158080348332,0.46191307674467647,0.6622367270922782,46.43333333333333
sam2_automatic_dense,dsb2018,29,0.17419678912936168,0.238183798285846,0.33688407769303363,0.45495930300748144,32.172413793103445,10.068965517241379,46.58620689655172,0.39314190825389295,0.4605725047539708,24.482758620689655,0.4735552638958722,0.45495930300748144,0.6476409345006483,14.413793103448276
sam2_automatic_dense,livecell,30,0.04359631111437634,0.5132040073600181,0.6329136843176645,0.12218719678139632,341.46666666666664,19.366666666666667,369.93333333333334,0.09274612329295631,0.25285572332675627,47.833333333333336,0.08804818372013318,0.12218719678139632,0.3912389914171018,28.466666666666665
sam2_automatic_dense,pannuke,336,0.019479920867022427,0.18107339560646696,0.29246680939411585,0.05950220991965599,23.041666666666668,4.336309523809524,24.19345238095238,0.049248679736983804,0.07889202069118581,5.488095238095238,0.07506110150516361,0.05950220991965599,0.18152494546105366,1.1517857142857142
sam2_automatic_dense,tissuenet,272,0.08558210305643221,0.4806712314782938,0.6084240706699111,0.2194251842316319,170.49632352941177,26.99264705882353,208.92279411764707,0.1455271294267609,0.3052544305574533,65.41911764705883,0.19538758701874578,0.2194251842316319,0.38250998767584227,38.4264705882353
sam2_automatic_dense,SOURCE_MACRO,5,0.13525104257634374,0.3928781795472596,0.5090211990028131,0.2635973941369684,,,,0.20953587170847024,0.3089124710597439,,0.27503358883494966,,,
