method,source,n,aji,binary_iou,dice,f1,fn,fp,gt_n,pq,precision,pred_n,recall,rq,sq,tp
cellpose_official_cyto3,ALL,1795,0.38701911754078144,0.5335030760555938,0.6607192039135301,0.5623459237598266,102.84122562674095,28.629526462395543,191.95208913649026,0.41220705451893297,0.7278047969687849,117.74038997214484,0.49304816149693265,0.5623459237598266,0.6899709668683307,89.11086350974931
cellpose_official_cyto3,cellpose,147,0.7407375809025452,0.8363908388151705,0.9049514791349318,0.882468772246785,19.08843537414966,9.476190476190476,126.62585034013605,0.7238239093304459,0.9158103472503256,117.01360544217687,0.8554886365334486,0.882468772246785,0.8148922062137623,107.5374149659864
cellpose_official_cyto3,dsb2018,142,0.7503073602465763,0.8099117145253462,0.8786105851335038,0.8677695632706306,5.922535211267606,4.52112676056338,42.53521126760563,0.7431552532259418,0.8869933909424732,41.13380281690141,0.8558548317812755,0.8677695632706306,0.8198341144078427,36.61267605633803
cellpose_official_cyto3,livecell,149,0.6470434640612646,0.820195260318312,0.8995389256722426,0.8271514207506926,66.28187919463087,25.19463087248322,287.1275167785235,0.665867837987756,0.887671905108136,246.04026845637583,0.784226248180852,0.8271514207506926,0.8021872083358993,220.84563758389262
cellpose_official_cyto3,tissuenet,1357,0.2821354239446472,0.44028888059243426,0.5852388360927266,0.4666316757202127,126.07000736919676,33.60427413411938,204.21370670596906,0.31596698185088407,0.6732272027547734,111.74797347089168,0.38384931704103836,0.4666316757202127,0.6505279240436757,78.14369933677229
cellpose_official_cyto3,SOURCE_MACRO,4,0.6050559572887583,0.7266966735628158,0.8170849565083512,0.7610053579970802,,,,0.612203495598757,0.840925711513927,,0.7198547583841537,,,
