method,source,n,aji,binary_iou,dice,f1,fn,fp,gt_n,pq,precision,pred_n,recall,rq,sq,tp
sam2_automatic_dense,ALL,1795,0.12001632581411906,0.47039113126893894,0.5950041407002775,0.25273113452059315,158.8434540389972,25.03565459610028,191.95208913649026,0.18133397255212788,0.3251178077198044,58.144289693593315,0.24378991661021224,0.25273113452059315,0.43655467081109556,33.108635097493035
sam2_automatic_dense,cellpose,147,0.3747418667383362,0.5549639120481086,0.6723419264128961,0.49663671691787914,71.51020408163265,35.142857142857146,126.62585034013605,0.4009618988345712,0.4973619496377272,90.25850340136054,0.5589001270738322,0.49663671691787914,0.6723122846839937,55.1156462585034
sam2_automatic_dense,dsb2018,142,0.246152031380258,0.31868843039546574,0.4205135046983379,0.5109957250175666,23.492957746478872,9.816901408450704,42.53521126760563,0.4198520003548999,0.49396864315456895,28.859154929577464,0.5625292842237108,0.5109957250175666,0.6425490007262943,19.04225352112676
sam2_automatic_dense,livecell,149,0.06482567619581835,0.4695416211930564,0.5890800027676356,0.18229908981286794,257.16107382550337,21.44295302013423,287.1275167785235,0.14170269661514504,0.32140628610845995,51.40939597315436,0.14477858806702,0.18229908981286794,0.5115404290916716,29.966442953020135
sam2_automatic_dense,tissuenet,1357,0.08528344599604622,0.47719744059156366,0.6055359847419018,0.20701756208026875,171.67207074428887,25.927781871775977,204.21370670596906,0.136934705789488,0.28919762291981843,58.469417833456156,0.18717274403369544,0.20701756208026875,0.38122641578450744,32.54163596168018
sam2_automatic_dense,SOURCE_MACRO,4,0.1927507550776147,0.4550978510570486,0.5718678546551929,0.3492372734571456,,,,0.274862825398526,0.4004836254551436,,0.36334518584956466,,,
