method,source,n,aji,binary_iou,dice,f1,fn,fp,gt_n,pq,precision,pred_n,recall,rq,sq,tp
stardist_pannuke,ALL,336,0.620731318057269,0.6756198726030236,0.7993598460065028,0.7740436452841672,6.074404761904762,3.5089285714285716,23.616071428571427,0.6261177456131188,0.8113469252144642,21.050595238095237,0.7614764852188042,0.7740436452841672,0.8047041950794306,17.541666666666668
stardist_pannuke,pannuke,336,0.620731318057269,0.6756198726030236,0.7993598460065028,0.7740436452841672,6.074404761904762,3.5089285714285716,23.616071428571427,0.6261177456131188,0.8113469252144642,21.050595238095237,0.7614764852188042,0.7740436452841672,0.8047041950794306,17.541666666666668
stardist_pannuke,SOURCE_MACRO,1,0.620731318057269,0.6756198726030236,0.7993598460065028,0.7740436452841672,,,,0.6261177456131188,0.8113469252144642,,0.7614764852188042,,,
