method,source,n,aji,binary_iou,dice,f1,fn,fp,gt_n,pq,precision,pred_n,recall,rq,sq,tp
cellpose_pannuke_finetune_cyto3,ALL,336,0.615648226377466,0.6701741171841362,0.7910595801922741,0.7574904014226158,6.455357142857143,3.0863095238095237,23.616071428571427,0.6207175378776055,0.8200943356540071,20.24702380952381,0.7241451273402142,0.7574904014226158,0.8081912038212264,17.160714285714285
cellpose_pannuke_finetune_cyto3,pannuke,336,0.615648226377466,0.6701741171841362,0.7910595801922741,0.7574904014226158,6.455357142857143,3.0863095238095237,23.616071428571427,0.6207175378776055,0.8200943356540071,20.24702380952381,0.7241451273402142,0.7574904014226158,0.8081912038212264,17.160714285714285
cellpose_pannuke_finetune_cyto3,SOURCE_MACRO,1,0.615648226377466,0.6701741171841362,0.7910595801922741,0.7574904014226158,,,,0.6207175378776055,0.8200943356540071,,0.7241451273402142,,,
