method,source,n,aji,binary_iou,dice,f1,fn,fp,gt_n,pq,precision,pred_n,recall,rq,sq,tp
cellpose_official_cyto3,ALL,336,0.1970687364417943,0.2550570907267728,0.3580939759571179,0.3130418128145689,15.443452380952381,9.220238095238095,23.616071428571427,0.23198786046686465,0.387511209369539,17.392857142857142,0.2964508428450525,0.3130418128145689,0.5504763168193608,8.172619047619047
cellpose_official_cyto3,pannuke,336,0.1970687364417943,0.2550570907267728,0.3580939759571179,0.3130418128145689,15.443452380952381,9.220238095238095,23.616071428571427,0.23198786046686465,0.387511209369539,17.392857142857142,0.2964508428450525,0.3130418128145689,0.5504763168193608,8.172619047619047
cellpose_official_cyto3,SOURCE_MACRO,1,0.1970687364417943,0.2550570907267728,0.3580939759571179,0.3130418128145689,,,,0.23198786046686465,0.387511209369539,,0.2964508428450525,,,
