method,source,n,aji,binary_iou,dice,f1,fn,fp,gt_n,pq,precision,pred_n,recall,rq,sq,tp
cellpose_iid_finetune_cyto3,ALL,697,0.5991796587424326,0.7103605735587817,0.8179852402619952,0.7606999335718794,35.82639885222382,10.21664275466284,115.94978479196557,0.6092147442003591,0.8521389317775042,90.3400286944046,0.7112143051553147,0.7606999335718794,0.7850218697965038,80.12338593974175
cellpose_iid_finetune_cyto3,cellpose,30,0.578377080484999,0.6998991133506578,0.799571133495096,0.7474636888579191,30.966666666666665,18.733333333333334,113.73333333333333,0.586411537664043,0.7917996271346647,101.5,0.7294750126556597,0.7474636888579191,0.7513196448540829,82.76666666666667
cellpose_iid_finetune_cyto3,dsb2018,29,0.7296020952681075,0.8080536162947114,0.8872060294958539,0.8503925843136269,10.448275862068966,6.103448275862069,46.58620689655172,0.7072454812024807,0.8973155689216787,42.241379310344826,0.8136103176363624,0.8503925843136269,0.8219754377523035,36.13793103448276
cellpose_iid_finetune_cyto3,livecell,30,0.5883567150285498,0.7711772022598923,0.8687750858425274,0.7897863650269252,107.6,33.7,369.93333333333334,0.6205244945437541,0.8554238502128065,296.03333333333336,0.7447042187480954,0.7897863650269252,0.7845662404200524,262.3333333333333
cellpose_iid_finetune_cyto3,pannuke,336,0.6020919111455492,0.6568059325384161,0.7790334224259361,0.7603398790971515,6.5625,3.294642857142857,24.19345238095238,0.6186588598563103,0.8280890820490793,20.925595238095237,0.7326738921269268,0.7603398790971515,0.7971726518051734,17.63095238095238
cellpose_iid_finetune_cyto3,tissuenet,272,0.5851649462146672,0.7605466253555141,0.8551511804852487,0.7498337050048401,67.30147058823529,15.676470588235293,208.92279411764707,0.588364337775089,0.883323706107636,157.29779411764707,0.6680803925920581,0.7498337050048401,0.7698395881933237,141.62132352941177
cellpose_iid_finetune_cyto3,SOURCE_MACRO,5,0.6167185496283746,0.7392964979598384,0.8379473703489324,0.7795632444600926,,,,0.6242409422083354,0.851190366885173,,0.7377087667518205,,,
