method,source,n,aji,binary_iou,dice,f1,fn,fp,gt_n,pq,precision,pred_n,recall,rq,sq,tp
cellpose_official_cyto3,ALL,697,0.2962324613985033,0.3974751518825094,0.5123823064185796,0.4453752771808879,63.23672883787661,19.796269727403157,115.94978479196557,0.32659520861370256,0.5701293382287539,72.50932568149211,0.40304547811685054,0.4453752771808879,0.6266269197883303,52.71305595408895
cellpose_official_cyto3,cellpose,30,0.7224040489629507,0.8347641720599022,0.9022339722996855,0.8659689810852563,17.3,9.433333333333334,113.73333333333333,0.7088693620986956,0.8956560955945605,105.86666666666666,0.8459875530849812,0.8659689810852563,0.8123130638540975,96.43333333333334
cellpose_official_cyto3,dsb2018,29,0.770464606349179,0.8226702181599908,0.8855725298549483,0.8647069985611466,9.413793103448276,4.482758620689655,46.58620689655172,0.7512448012548826,0.9006815984799033,41.6551724137931,0.8367790786717417,0.8647069985611466,0.8340668653468736,37.172413793103445
cellpose_official_cyto3,livecell,30,0.6208477353703447,0.8095534270361789,0.8927736241053776,0.8187011093190666,83.3,36.06666666666667,369.93333333333334,0.646294375475396,0.8730993054198964,322.7,0.7810228460329559,0.8187011093190666,0.7879527757470407,286.6333333333333
cellpose_official_cyto3,pannuke,336,0.20605224393362304,0.258357346050738,0.36152515703194094,0.32910145055793383,15.369047619047619,9.151785714285714,24.19345238095238,0.24168882536851063,0.40945508818472426,17.976190476190474,0.3143832245662018,0.32910145055793383,0.5576944144985211,8.824404761904763
cellpose_official_cyto3,tissuenet,272,0.274262663672553,0.43031304518212854,0.5739933218862958,0.4567348350632728,130.95955882352942,33.9264705882353,208.92279411764707,0.30878089601587044,0.6640470982684678,111.88970588235294,0.37578319683155276,0.4567348350632728,0.651388696830403,77.96323529411765
cellpose_official_cyto3,SOURCE_MACRO,5,0.5188062596577302,0.6311316416977877,0.7232197210356496,0.6670426749173352,,,,0.5313756520426711,0.7485878371895105,,0.6307911798374867,,,
